BMS-Comms-Nav-Book.pdf;D:\Falcon BMS 4.38\Docs\00 BMS Manuals\BMS-Comms-Nav-Book.pdf
BMS-Naval-Ops.pdf;D:\Falcon BMS 4.38\Docs\00 BMS Manuals\BMS-Naval-Ops.pdf
BMS-Technical-Manual.pdf;D:\Falcon BMS 4.38\Docs\00 BMS Manuals\BMS-Technical-Manual.pdf
BMS-Threat-Guide.pdf;D:\Falcon BMS 4.38\Docs\00 BMS Manuals\BMS-Threat-Guide.pdf
BMS-Training-Manual.pdf;D:\Falcon BMS 4.38\Docs\00 BMS Manuals\BMS-Training-Manual.pdf
BMS-User-Manual.pdf;D:\Falcon BMS 4.38\Docs\00 BMS Manuals\BMS-User-Manual.pdf
BMS-VR-Guide.pdf;D:\Falcon BMS 4.38\Docs\01 Input Devices\04 VR Guide\BMS-VR-Guide.pdf
TO 1F-16CMAM-1 BMS.pdf;D:\Falcon BMS 4.38\Docs\02 Aircraft Manuals & Checklists\01 F-16\TO 1F-16CMAM-1 BMS.pdf
TO 1F-16CMAM-34-1-1 BMS.pdf;D:\Falcon BMS 4.38\Docs\02 Aircraft Manuals & Checklists\01 F-16\TO 1F-16CMAM-34-1-1 BMS.pdf
BMS-F-15-Training-Manual.pdf;D:\Falcon BMS 4.38\Docs\02 Aircraft Manuals & Checklists\02 F-15C\BMS-F-15-Training-Manual.pdf
TO 1F-15C-1 BMS.pdf;D:\Falcon BMS 4.38\Docs\02 Aircraft Manuals & Checklists\02 F-15C\TO 1F-15C-1 BMS.pdf
TO 1F-15C-34-1-1 BMS.pdf;D:\Falcon BMS 4.38\Docs\02 Aircraft Manuals & Checklists\02 F-15C\TO 1F-15C-34-1-1 BMS.pdf
ATP_1-02.1.pdf;D:\Falcon BMS 4.38\Docs\04 Other Documentation\Real Manuals\ATP_1-02.1.pdf
