0;D:\Falcon BMS 4.38\Docs\00 BMS Manuals\BMS-Comms-Nav-Book.pdf
1;D:\Falcon BMS 4.38\Docs\00 BMS Manuals\BMS-Naval-Ops.pdf
2;D:\Falcon BMS 4.38\Docs\00 BMS Manuals\BMS-Technical-Manual.pdf
3;D:\Falcon BMS 4.38\Docs\00 BMS Manuals\BMS-Threat-Guide.pdf
4;D:\Falcon BMS 4.38\Docs\00 BMS Manuals\BMS-Training-Manual.pdf
5;D:\Falcon BMS 4.38\Docs\00 BMS Manuals\BMS-User-Manual.pdf
6;D:\Falcon BMS 4.38\Docs\01 Input Devices\04 VR Guide\BMS-VR-Guide.pdf
7;D:\Falcon BMS 4.38\Docs\02 Aircraft Manuals & Checklists\01 F-16\TO 1F-16CMAM-1 BMS.pdf
8;D:\Falcon BMS 4.38\Docs\02 Aircraft Manuals & Checklists\01 F-16\TO 1F-16CMAM-34-1-1 BMS.pdf
9;D:\Falcon BMS 4.38\Docs\02 Aircraft Manuals & Checklists\02 F-15C\BMS-F-15-Training-Manual.pdf
10;D:\Falcon BMS 4.38\Docs\02 Aircraft Manuals & Checklists\02 F-15C\TO 1F-15C-1 BMS.pdf
11;D:\Falcon BMS 4.38\Docs\02 Aircraft Manuals & Checklists\02 F-15C\TO 1F-15C-34-1-1 BMS.pdf
12;D:\Falcon BMS 4.38\Docs\04 Other Documentation\Real Manuals\ATP_1-02.1.pdf
